Density,variable,value
0.0,Healthy,0.0052919659042461485
0.51,Healthy,0.00571652817597231
1.02,Healthy,0.006044972344629063
1.53,Healthy,0.0062677876028828135
2.04,Healthy,0.006384012644865654
2.55,Healthy,0.006400684778853395
3.06,Healthy,0.006331333752317481
3.57,Healthy,0.006193865610439646
4.08,Healthy,0.0060082417367034865
4.59,Healthy,0.005794325122386316
5.1,Healthy,0.005570164378904609
5.61,Healthy,0.005350853432174145
6.12,Healthy,0.00514797809665952
6.63,Healthy,0.004969565897675807
7.14,Healthy,0.004820403546908203
7.65,Healthy,0.004702574653967907
8.16,Healthy,0.004616087276723563
8.67,Healthy,0.004559492897611494
9.18,Healthy,0.004530433450104969
9.69,Healthy,0.004526083509644967
10.2,Healthy,0.004543477471105691
10.71,Healthy,0.004579726460782657
11.22,Healthy,0.004632138502649257
11.73,Healthy,0.004698260070353866
12.24,Healthy,0.004775859202732533
12.75,Healthy,0.004862870808173251
13.26,Healthy,0.004957324042994559
13.77,Healthy,0.005057269820570774
14.28,Healthy,0.0051607235745747835
14.79,Healthy,0.0052656344423314605
15.3,Healthy,0.0053698872754309734
15.81,Healthy,0.005471338741626471
16.32,Healthy,0.005567883790077259
16.83,Healthy,0.005657544487210622
17.34,Healthy,0.005738570194615669
17.85,Healthy,0.00580953657319372
18.36,Healthy,0.00586943107485849
18.87,Healthy,0.00591771426154649
19.38,Healthy,0.005954349160987669
19.89,Healthy,0.0059797944718230165
20.4,Healthy,0.005994961297850555
20.91,Healthy,0.006001136810019405
21.42,Healthy,0.005999881463286723
21.93,Healthy,0.005992908906715176
22.44,Healthy,0.00598195935009671
22.95,Healthy,0.005968677779390398
23.46,Healthy,0.005954507968954624
23.97,Healthy,0.00594061168897687
24.48,Healthy,0.0059278199147125964
24.99,Healthy,0.005916619385157175
25.5,Healthy,0.005907173869532134
26.01,Healthy,0.005899375449590323
26.52,Healthy,0.005892917591290051
27.03,Healthy,0.005887379302340259
27.54,Healthy,0.005882308715706208
28.05,Healthy,0.005877295178992621
28.56,Healthy,0.005872021281363411
29.07,Healthy,0.00586628978393294
29.58,Healthy,0.005860024500883923
30.09,Healthy,0.005853248083036099
30.6,Healthy,0.005846042754281715
31.11,Healthy,0.005838501924581908
31.62,Healthy,0.005830681132759929
32.13,Healthy,0.005822556062407179
32.64,Healthy,0.005813993702995307
33.15,Healthy,0.005804740423286142
33.66,Healthy,0.005794428096246196
34.17,Healthy,0.005782596769586875
34.68,Healthy,0.005768729998069487
35.19,Healthy,0.005752297166457845
35.7,Healthy,0.005732796241789643
36.21,Healthy,0.00570979061459671
36.72,Healthy,0.005682935082726825
37.23,Healthy,0.005651988366028961
37.74,Healthy,0.005616812355928349
38.25,Healthy,0.005577360957245617
38.76,Healthy,0.005533663226733228
39.27,Healthy,0.005485806097525374
39.78,Healthy,0.00543392117734046
40.29,Healthy,0.005378178182847098
40.8,Healthy,0.005318785089436996
41.31,Healthy,0.0052559927654335726
41.82,Healthy,0.005190100356051884
42.33,Healthy,0.005121457385399088
42.84,Healthy,0.005050459465940426
43.35,Healthy,0.0049775363258050724
43.86,Healthy,0.004903133012729021
44.37,Healthy,0.004827687000196112
44.88,Healthy,0.004751605013862326
45.39,Healthy,0.004675243479582678
45.9,Healthy,0.004598895622288908
46.41,Healthy,0.004522786740902461
46.92,Healthy,0.004447077477074932
47.43,Healthy,0.004371873451641366
47.94,Healthy,0.004297238768080747
48.45,Healthy,0.004223210701420175
48.96,Healthy,0.004149813308772268
49.47,Healthy,0.0040770684695689684
49.98,Healthy,0.004005003699501629
50.49,Healthy,0.00393365674846156
51.0,Healthy,0.003863077386639936
51.51,Healthy,0.0037933269396332775
52.02,Healthy,0.0037244761777913554
52.53,Healthy,0.0036566022275645437
53.04,Healthy,0.003589785308904963
53.55,Healthy,0.0035241062682990995
54.06,Healthy,0.0034596459391628104
54.57,Healthy,0.00339648717814836
55.08,Healthy,0.003334719925258052
55.59,Healthy,0.0032744488745504274
56.1,Healthy,0.0032158025072652006
56.61,Healthy,0.0031589415955215095
57.12,Healthy,0.0031040650739301715
57.63,Healthy,0.003051411521322962
58.14,Healthy,0.003001255334272025
58.65,Healthy,0.0029538977816420337
59.16,Healthy,0.0029096541658986223
59.67,Healthy,0.0028688389871476244
60.18,Healthy,0.002831751128181277
60.69,Healthy,0.002798660688457944
61.2,Healthy,0.0027697984000407245
61.71,Healthy,0.0027453478608587202
62.22,Healthy,0.0027254403804562086
62.73,Healthy,0.0027101521631809193
63.24,Healthy,0.0026995037741756067
63.75,Healthy,0.0026934621263777552
64.26,Healthy,0.0026919453399840707
64.77,Healthy,0.002694830616135865
65.28,Healthy,0.0027019647643697206
65.79,Healthy,0.0027131764309513318
66.3,Healthy,0.0027282886755414576
66.81,Healthy,0.0027471305465928734
67.32,Healthy,0.0027695467506021186
67.83,Healthy,0.002795405221912907
68.34,Healthy,0.0028246030564555644
68.85,Healthy,0.0028570715574589697
69.36,Healthy,0.0028927808753646373
69.87,Healthy,0.0029317439713898706
70.38,Healthy,0.0029740186844491646
70.89,Healthy,0.003019705939747798
71.4,Healthy,0.003068941976304271
71.91,Healthy,0.0031218830766855657
72.42,Healthy,0.003178682592653728
72.93,Healthy,0.00323946178100875
73.44,Healthy,0.0033042776632624124
73.95,Healthy,0.0033730923665694877
74.46,Healthy,0.0034457488604510774
74.97,Healthy,0.0035219575201633374
75.48,Healthy,0.0036012965771565187
75.99,Healthy,0.0036832274828868645
76.5,Healthy,0.003767123889623414
77.01,Healthy,0.003852310783148887
77.52,Healthy,0.003938108731864121
78.03,Healthy,0.004023877580355176
78.54,Healthy,0.004109054363776451
79.05,Healthy,0.004193181629156273
79.56,Healthy,0.004275924362684713
80.07,Healthy,0.004357075794189792
80.58,Healthy,0.004436553944999992
81.09,Healthy,0.004514391510683384
81.6,Healthy,0.004590721448235837
82.11,Healthy,0.004665759688581925
82.62,Healthy,0.004739785203797854
83.13,Healthy,0.004813116758194636
83.64,Healthy,0.0048860854785616244
84.15,Healthy,0.004959003040393316
84.66,Healthy,0.005032126610315253
85.17,Healthy,0.005105623299052946
85.68,Healthy,0.005179538238213569
86.19,Healthy,0.005253771032647038
86.7,Healthy,0.005328064994947436
87.21,Healthy,0.005402012209610634
87.72,Healthy,0.005475075351302392
88.23,Healthy,0.005546624691764756
88.74,Healthy,0.005615986366800971
89.25,Healthy,0.005682496194589873
89.76,Healthy,0.005745552463458856
90.27,Healthy,0.005804661277175214
90.78,Healthy,0.005859469178912727
91.29,Healthy,0.005909779613446578
91.8,Healthy,0.005955551947047322
92.31,Healthy,0.0059968838876751805
92.82,Healthy,0.006033979925535533
93.33,Healthy,0.006067109723039096
93.84,Healthy,0.006096561197196397
94.35,Healthy,0.006122593441156245
94.86,Healthy,0.006145394663852992
95.37,Healthy,0.00616504998321737
95.88,Healthy,0.006181523096358303
96.39,Healthy,0.0061946544775523995
96.9,Healthy,0.006204176811552737
97.41,Healthy,0.006209746043914352
97.92,Healthy,0.006210984075196261
98.43,Healthy,0.006207527246107905
98.94,Healthy,0.006199073818427849
99.45,Healthy,0.006185423931004015
99.96,Healthy,0.0061665069942489015
100.47,Healthy,0.006142393832913075
100.98,Healthy,0.006113293552562587
101.49,Healthy,0.006079537468837544
102.0,Healthy,0.006041554035112638
102.51,Healthy,0.005999839299685118
103.02,Healthy,0.005954927093861049
103.53,Healthy,0.005907362174668331
104.04,Healthy,0.0058576783020668575
104.55,Healthy,0.0058063820528210155
105.06,Healthy,0.005753942277495436
105.57,Healthy,0.005700784552691867
106.08,Healthy,0.005647289735268534
106.59,Healthy,0.005593795688709928
107.1,Healthy,0.005540601349804165
107.61,Healthy,0.005487972461596353
108.12,Healthy,0.005436148477809654
108.63,Healthy,0.005385350282612099
109.14,Healthy,0.005335788416589492
109.65,Healthy,0.005287671404585623
110.16,Healthy,0.005241213528756091
110.67,Healthy,0.005196641054415296
111.18,Healthy,0.005154195612158515
111.69,Healthy,0.005114133347749843
112.2,Healthy,0.005076718712038264
112.71,Healthy,0.005042212439505588
113.22,Healthy,0.0050108542816822985
113.73,Healthy,0.004982842221282928
114.24,Healthy,0.00495831089090589
114.75,Healthy,0.004937312469763946
115.26,Healthy,0.004919803218372859
115.77,Healthy,0.0049056380163141405
116.28,Healthy,0.0048945739432290575
116.79,Healthy,0.004886282419144422
117.3,Healthy,0.004880368073890951
117.81,Healthy,0.004876391666067892
118.32,Healthy,0.004873894174627461
118.83,Healthy,0.004872419585119577
119.34,Healthy,0.004871534647947884
119.85,Healthy,0.004870844684319629
120.36,Healthy,0.004870005092805692
120.87,Healthy,0.00486872844024743
121.38,Healthy,0.004866786993733057
121.89,Healthy,0.004864010471814269
122.4,Healthy,0.004860278915769973
122.91,Healthy,0.004855511051678162
123.42,Healthy,0.004849649287944644
123.93,Healthy,0.004842643345219725
124.44,Healthy,0.0048344351108405405
124.95,Healthy,0.0048249473600351055
125.46,Healthy,0.00481407837705065
125.97,Healthy,0.004801703357166773
126.48,Healthy,0.0047876821119511685
126.99,Healthy,0.004771871425707446
127.5,Healthy,0.004754139752553518
128.01,Healthy,0.004734381912103766
128.52,Healthy,0.004712531931265672
129.03,Healthy,0.004688572892141092
129.54,Healthy,0.004662543285714841
130.05,Healthy,0.004634539713140878
130.56,Healthy,0.004604715827833116
131.07,Healthy,0.004573277325596471
131.58,Healthy,0.004540472824356276
132.09,Healthy,0.004506580811285884
132.6,Healthy,0.0044718935012188505
133.11,Healthy,0.004436699255853538
133.62,Healthy,0.004401265851617225
134.13,Healthy,0.004365827039915112
134.64,Healthy,0.004330574352660673
135.15,Healthy,0.004295655044681028
135.66,Healthy,0.004261175727337769
136.17,Healthy,0.004227210049875817
136.68,Healthy,0.0041938080959159785
137.19,Healthy,0.004161005168956592
137.7,Healthy,0.0041288282875508436
138.21,Healthy,0.004097299723938368
138.72,Healthy,0.004066437945769693
139.23,Healthy,0.004036257038223193
139.74,Healthy,0.0040067659291618
140.25,Healthy,0.003977968534115742
140.76,Healthy,0.00394986543871174
141.27,Healthy,0.003922457157621133
141.78,Healthy,0.003895748539582334
142.29,Healthy,0.0038697536123291415
142.8,Healthy,0.0038445000890045696
143.31,Healthy,0.0038200328256673606
143.82,Healthy,0.0037964156544657087
144.33,Healthy,0.0037737311747468106
144.84,Healthy,0.0037520782539293583
145.35,Healthy,0.00373156718621764
145.86,Healthy,0.003712312701218918
146.37,Healthy,0.003694425298740265
146.88,Healthy,0.0036780016778169343
147.39,Healthy,0.003663115263866958
147.9,Healthy,0.003649807945922547
148.41,Healthy,0.0036380840697050284
148.92,Healthy,0.003627907458260661
149.43,Healthy,0.0036192017967648553
149.94,Healthy,0.003611854184311968
150.45,Healthy,0.0036057211447186603
150.96,Healthy,0.003600636018067605
151.47,Healthy,0.003596416526657229
151.98,Healthy,0.003592871470734811
152.49,Healthy,0.003589805934640702
153.0,Healthy,0.003587024969316888
153.51,Healthy,0.003584336305649755
154.02,Healthy,0.00358155307150288
154.53,Healthy,0.003578497598778788
155.04,Healthy,0.00357500715925623
155.55,Healthy,0.0035709419120307758
156.06,Healthy,0.0035661946241919247
156.57,Healthy,0.003560701038485891
157.08,Healthy,0.003554449296206099
157.59,Healthy,0.0035474867041604095
158.1,Healthy,0.003539922381485811
158.61,Healthy,0.003531924856361625
159.12,Healthy,0.0035237143597819758
159.63,Healthy,0.003515550228311302
160.14,Healthy,0.0035077143588389628
160.65,Healthy,0.0035004920104216067
161.16,Healthy,0.003494151419760609
161.67,Healthy,0.0034889237481634857
162.18,Healthy,0.0034849848454248512
162.69,Healthy,0.0034824402301972582
163.2,Healthy,0.0034813145350709985
163.71,Healthy,0.0034815464133130048
164.22,Healthy,0.00348298951977358
164.73,Healthy,0.003485419646195812
165.24,Healthy,0.0034885474431517703
165.75,Healthy,0.003492035474678786
166.26,Healthy,0.003495517746515258
166.77,Healthy,0.003498619468935382
167.28,Healthy,0.003500974784541385
167.79,Healthy,0.0035022405795296454
168.3,Healthy,0.0035021052857362803
168.81,Healthy,0.003500292634344579
169.32,Healthy,0.003496561417373009
169.83,Healthy,0.0034907031835534116
170.34,Healthy,0.003482540199622014
170.85,Healthy,0.003471925820014369
171.36,Healthy,0.0034587486456539736
171.87,Healthy,0.003442940690320471
172.38,Healthy,0.0034244884986915332
172.89,Healthy,0.00340344508115918
173.4,Healthy,0.00337993991443483
173.91,Healthy,0.003354184243503987
174.42,Healthy,0.0033264695171594722
174.93,Healthy,0.003297157863817611
175.44,Healthy,0.0032666648408391226
175.95,Healthy,0.0032354360006194723
176.46,Healthy,0.003203919847561593
176.97,Healthy,0.0031725403119446686
177.48,Healthy,0.0031416718454302696
177.99,Healthy,0.0031116196714694303
178.5,Healthy,0.003082606759357777
179.01,Healthy,0.003054767969511446
179.52,Healthy,0.003028150811956274
180.03,Healthy,0.0030027215841335014
180.54,Healthy,0.0029783754180154973
181.05,Healthy,0.002954948930445929
181.56,Healthy,0.0029322345819778367
182.07,Healthy,0.0029099962906661897
182.58,Healthy,0.0028879861261530923
183.09,Healthy,0.0028659619156427758
183.6,Healthy,0.0028437053374343957
184.11,Healthy,0.0028210396616274746
184.62,Healthy,0.002797845880241033
185.13,Healthy,0.0027740756990451477
185.64,Healthy,0.002749759835627174
186.15,Healthy,0.002725010314125681
186.66,Healthy,0.002700015932571089
187.17,Healthy,0.0026750307346097724
187.68,Healthy,0.002650356058056086
188.19,Healthy,0.0026263174703292794
188.7,Healthy,0.0026032385523684165
189.21,Healthy,0.002581413974968317
189.72,Healthy,0.0025610845477190163
190.23,Healthy,0.002542416850069628
190.74,Healthy,0.002525489642770493
191.25,Healthy,0.0025102885258906074
191.76,Healthy,0.002496709330368223
192.27,Healthy,0.0024845696343265126
192.78,Healthy,0.002473626752346092
193.29,Healthy,0.002463599726505265
193.8,Healthy,0.0024541924006705926
194.31,Healthy,0.0024451146663313312
194.82,Healthy,0.0024360994327229015
195.33,Healthy,0.002426913716809122
195.84,Healthy,0.0024173633162900537
196.35,Healthy,0.0024072916303218258
196.86,Healthy,0.002396574128709765
197.37,Healthy,0.002385110578757803
197.88,Healthy,0.0023728173205378035
198.39,Healthy,0.0023596216253878068
198.9,Healthy,0.002345459551229543
199.41,Healthy,0.0023302778637455204
199.92,Healthy,0.002314039695465142
200.43,Healthy,0.0022967328337836442
200.94,Healthy,0.0022783789868903712
201.45,Healthy,0.002259042140147933
201.96,Healthy,0.0022388341931773065
202.47,Healthy,0.0022179164225796387
202.98,Healthy,0.002196495885311784
203.49,Healthy,0.0021748165853676523
204.0,Healthy,0.0021531459810650412
204.51,Healthy,0.002131758110232087
205.02,Healthy,0.0021109151465384312
205.53,Healthy,0.0020908494741710003
206.04,Healthy,0.0020717483238014566
206.55,Healthy,0.0020537426546105523
207.06,Healthy,0.002036901374281505
207.57,Healthy,0.0020212312889342525
208.08,Healthy,0.002006682505383579
208.59,Healthy,0.0019931584695710887
209.1,Healthy,0.0019805294517861935
209.61,Healthy,0.0019686480550372793
210.12,Healthy,0.0019573651797656962
210.63,Healthy,0.0019465447983038901
211.14,Healthy,0.0019360759082063842
211.65,Healthy,0.0019258802211860814
212.16,Healthy,0.0019159145860246187
212.67,Healthy,0.001906167857936865
213.18,Healthy,0.0018966528267393315
213.69,Healthy,0.0018873947095651774
214.2,Healthy,0.001878418355872612
214.71,Healthy,0.0018697365037432024
215.22,Healthy,0.0018613410867507182
215.73,Healthy,0.0018531988109017738
216.24,Healthy,0.0018452512262533084
216.75,Healthy,0.0018374185964660577
217.26,Healthy,0.0018296062600287539
217.77,Healthy,0.001821711996459818
218.28,Healthy,0.001813633121359687
218.79,Healthy,0.001805272480722434
219.3,Healthy,0.0017965429976016319
219.81,Healthy,0.0017873707839093104
220.32,Healthy,0.0017776969972351155
220.83,Healthy,0.001767478630377397
221.34,Healthy,0.0017566883646137554
221.85,Healthy,0.0017453135996336137
222.36,Healthy,0.0017333548458993526
222.87,Healthy,0.0017208238126901992
223.38,Healthy,0.0017077416656564037
223.89,Healthy,0.001694137960785129
224.4,Healthy,0.0016800506161017558
224.91,Healthy,0.0016655269556172185
225.42,Healthy,0.001650625431544928
225.93,Healthy,0.0016354172414177477
226.44,Healthy,0.0016199868566368748
226.95,Healthy,0.0016044305790112161
227.46,Healthy,0.001588852654071784
227.97,Healthy,0.0015733591047549112
228.48,Healthy,0.0015580501219324514
228.99,Healthy,0.0015430123465064048
229.5,Healthy,0.0015283125248091078
230.01,Healthy,0.0015139937460741518
230.52,Healthy,0.001500074845858719
231.03,Healthy,0.00148655277314004
231.54,Healthy,0.0014734070217339765
232.05,Healthy,0.0014606048412074486
232.56,Healthy,0.0014481059817821528
233.07,Healthy,0.001435866156373176
233.58,Healthy,0.0014238390507610936
234.09,Healthy,0.0014119773459112576
234.6,Healthy,0.0014002336199617266
235.11,Healthy,0.0013885620612492607
235.62,Healthy,0.0013769216623871878
236.13,Healthy,0.0013652811107663701
236.64,Healthy,0.0013536251171256954
237.15,Healthy,0.0013419615931093102
237.66,Healthy,0.001330328988771246
238.17,Healthy,0.0013188032423163526
238.68,Healthy,0.0013075041254562037
239.19,Healthy,0.001296601213859461
239.7,Healthy,0.0012863202049852988
240.21,Healthy,0.0012769507927433339
240.72,Healthy,0.0012688577387902566
241.23,Healthy,0.0012624970847401266
241.74,Healthy,0.00125843951887301
242.25,Healthy,0.0012574025969533382
242.76,Healthy,0.001260292644570141
243.27,Healthy,0.0012682555658465194
243.78,Healthy,0.0012827333112096191
244.29,Healthy,0.001305519349584951
244.8,Healthy,0.0013388022099409301
245.31,Healthy,0.0013851812831103755
245.82,Healthy,0.0014476342272269939
246.33,Healthy,0.0015294116065927687
246.84,Healthy,0.0016338334981901772
247.35,Healthy,0.0017639669212771753
247.86,Healthy,0.0019221744283369976
248.37,Healthy,0.0021095447878295595
248.88,Healthy,0.002325246427917746
249.39,Healthy,0.0025658803198320094
249.9,Healthy,0.0028249446315547237
250.41,Healthy,0.00309254858733943
250.92,Healthy,0.003355515505756361
251.43,Healthy,0.0035979845183274914
251.94,Healthy,0.003802552560449785
252.45,Healthy,0.003951898508077552
252.96,Healthy,0.0040307172687859315
253.47,Healthy,0.004027690388923472
253.98,Healthy,0.003937161733396222
254.49,Healthy,0.0037601962502049778
0.0,Glaucoma,0.0076131434200052495
0.51,Glaucoma,0.008389895278124192
1.02,Glaucoma,0.009114410101971209
1.53,Glaucoma,0.009771576918162897
2.04,Glaucoma,0.010350868987417631
2.55,Glaucoma,0.010846625767203334
3.06,Glaucoma,0.011257772310492948
3.57,Glaucoma,0.01158707164033048
4.08,Glaucoma,0.011840072310441466
4.59,Glaucoma,0.01202394520060332
5.1,Glaucoma,0.01214639704565157
5.61,Glaucoma,0.012214808337423522
6.12,Glaucoma,0.012235681618479956
6.63,Glaucoma,0.012214417722217943
7.14,Glaucoma,0.01215537656776808
7.65,Glaucoma,0.012062136520615344
8.16,Glaucoma,0.011937847457490896
8.67,Glaucoma,0.011785577143234685
9.18,Glaucoma,0.01160857332370607
9.69,Glaucoma,0.011410397186904916
10.2,Glaucoma,0.011194919099464816
10.71,Glaucoma,0.010966197566365158
11.22,Glaucoma,0.010728282404869467
11.73,Glaucoma,0.010484991389813927
12.24,Glaucoma,0.010239706874956062
12.75,Glaucoma,0.00999522793455096
13.26,Glaucoma,0.009753698046872627
13.77,Glaucoma,0.009516612031992368
14.28,Glaucoma,0.009284891871988006
14.79,Glaucoma,0.00905901119329646
15.3,Glaucoma,0.00883914336110489
15.81,Glaucoma,0.008625308163014158
16.32,Glaucoma,0.008417495993798693
16.83,Glaucoma,0.008215755022407192
17.34,Glaucoma,0.00802023459743332
17.85,Glaucoma,0.007831185832950168
18.36,Glaucoma,0.007648926839495137
18.87,Glaucoma,0.0074737846428357705
19.38,Glaucoma,0.0073060280479839024
19.89,Glaucoma,0.007145805434862063
20.4,Glaucoma,0.00699309901705744
20.91,Glaucoma,0.0068477029984469135
21.42,Glaucoma,0.006709228148703868
21.93,Glaucoma,0.006577130503770289
22.44,Glaucoma,0.006450758021129561
22.95,Glaucoma,0.006329406729345516
23.46,Glaucoma,0.0062123774539504795
23.97,Glaucoma,0.006099025481428521
24.48,Glaucoma,0.005988798044242996
24.99,Glaucoma,0.005881257576192608
25.5,Glaucoma,0.005776091573482782
26.01,Glaucoma,0.005673111961881156
26.52,Glaucoma,0.005572247821808228
27.03,Glaucoma,0.005473535086467932
27.54,Glaucoma,0.005377105731594318
28.05,Glaucoma,0.00528317741641017
28.56,Glaucoma,0.005192043070254771
29.07,Glaucoma,0.005104058931762107
29.58,Glaucoma,0.005019629302358906
30.09,Glaucoma,0.004939186790509857
30.6,Glaucoma,0.004863167919326409
31.11,Glaucoma,0.004791985334307032
31.62,Glaucoma,0.004725999121164619
32.13,Glaucoma,0.004665490591530979
32.64,Glaucoma,0.004610642110223513
33.15,Glaucoma,0.004561526049066029
33.66,Glaucoma,0.004518104841211748
34.17,Glaucoma,0.004480242580432561
34.68,Glaucoma,0.0044477269438180644
35.19,Glaucoma,0.004420298689906518
35.7,Glaucoma,0.004397684862661466
36.21,Glaucoma,0.004379631267203381
36.72,Glaucoma,0.004365929852150715
37.23,Glaucoma,0.0043564372980024755
37.74,Glaucoma,0.004351082249277753
38.25,Glaucoma,0.00434986006613154
38.76,Glaucoma,0.004352815504283673
39.27,Glaucoma,0.004360015159867518
39.78,Glaucoma,0.004371512675889759
40.29,Glaucoma,0.004387310482046712
40.8,Glaucoma,0.00440732217770672
41.31,Glaucoma,0.004431339580957537
41.82,Glaucoma,0.004459008005524424
42.33,Glaucoma,0.004489812592890307
42.84,Glaucoma,0.004523077601475222
43.35,Glaucoma,0.004557979536391669
43.86,Glaucoma,0.00459357394392997
44.37,Glaucoma,0.004628834648855917
44.88,Glaucoma,0.004662703199529504
45.39,Glaucoma,0.004694145368216462
45.9,Glaucoma,0.004722210777085308
46.41,Glaucoma,0.004746091188904047
46.92,Glaucoma,0.004765172800483006
47.43,Glaucoma,0.00477907809927989
47.94,Glaucoma,0.0047876935192149896
48.45,Glaucoma,0.004791180238192894
48.96,Glaucoma,0.004789966886266515
49.47,Glaucoma,0.004784724510498598
49.98,Glaucoma,0.00477632566745598
50.49,Glaucoma,0.004765790786480443
51.0,Glaucoma,0.00475422581791566
51.51,Glaucoma,0.004742755578621322
52.02,Glaucoma,0.0047324571467594915
52.53,Glaucoma,0.0047242972315502
53.04,Glaucoma,0.004719076791452677
53.55,Glaucoma,0.004717385443070941
54.06,Glaucoma,0.004719567512928476
54.57,Glaucoma,0.004725701000885456
55.08,Glaucoma,0.004735590248547034
55.59,Glaucoma,0.004748772691538529
56.1,Glaucoma,0.004764539647771956
56.61,Glaucoma,0.00478197058350955
57.12,Glaucoma,0.004799979671701059
57.63,Glaucoma,0.0048173727261946716
58.14,Glaucoma,0.004832911815079581
58.65,Glaucoma,0.004845384129106666
59.16,Glaucoma,0.00485367110091618
59.67,Glaucoma,0.004856813440839461
60.18,Glaucoma,0.0048540677301610905
60.69,Glaucoma,0.004844950535137465
61.2,Glaucoma,0.004829266663339554
61.71,Glaucoma,0.004807119160849666
62.22,Glaucoma,0.004778899884573595
62.73,Glaucoma,0.004745260919534374
63.24,Glaucoma,0.004707068631889399
63.75,Glaucoma,0.004665343650190186
64.26,Glaucoma,0.004621191378352024
64.77,Glaucoma,0.004575728613081166
65.28,Glaucoma,0.004530012306329142
65.79,Glaucoma,0.00448497636780167
66.3,Glaucoma,0.00444138160343079
66.81,Glaucoma,0.0043997824879024915
67.32,Glaucoma,0.004360512623836847
67.83,Glaucoma,0.004323688687861139
68.34,Glaucoma,0.004289230689708895
68.85,Glaucoma,0.004256894765171419
69.36,Glaucoma,0.004226313721769947
69.87,Glaucoma,0.004197040290105362
70.38,Glaucoma,0.004168588512084077
70.89,Glaucoma,0.0041404697833111554
71.4,Glaucoma,0.00411222152249042
71.91,Glaucoma,0.004083427962695792
72.42,Glaucoma,0.004053733845059311
72.93,Glaucoma,0.004022852622125859
73.44,Glaucoma,0.003990571030431869
73.95,Glaucoma,0.003956751604934186
74.46,Glaucoma,0.003921334040256312
74.97,Glaucoma,0.0038843354921481886
75.48,Glaucoma,0.0038458492144030684
75.99,Glaucoma,0.003806040543968503
76.5,Glaucoma,0.0037651392842260184
77.01,Glaucoma,0.00372342797280896
77.52,Glaucoma,0.003681226229247823
78.03,Glaucoma,0.0036388721720087415
78.54,Glaucoma,0.00359670255517882
79.05,Glaucoma,0.003555033655984591
79.56,Glaucoma,0.0035141449445050955
80.07,Glaucoma,0.0034742672020012027
80.58,Glaucoma,0.0034355761070540207
81.09,Glaucoma,0.0033981915195293766
81.6,Glaucoma,0.003362181916241158
82.11,Glaucoma,0.00332757280076323
82.62,Glaucoma,0.0032943575207033133
83.13,Glaucoma,0.0032625088069671623
83.64,Glaucoma,0.0032319894866044583
84.15,Glaucoma,0.00320276115343926
84.66,Glaucoma,0.0031747900217233022
85.17,Glaucoma,0.0031480496532987692
85.68,Glaucoma,0.0031225206637232536
86.19,Glaucoma,0.003098187830025989
86.7,Glaucoma,0.0030750352312421407
87.21,Glaucoma,0.0030530401624934574
87.72,Glaucoma,0.0030321666086907104
88.23,Glaucoma,0.003012359080150909
88.74,Glaucoma,0.0029935376175621777
89.25,Glaucoma,0.00297559476979703
89.76,Glaucoma,0.0029583953087096845
90.27,Glaucoma,0.002941779325373701
90.78,Glaucoma,0.002925569116608656
91.29,Glaucoma,0.0029095798970213142
91.8,Glaucoma,0.0028936338764871112
92.31,Glaucoma,0.0028775766886142227
92.82,Glaucoma,0.00286129462953889
93.33,Glaucoma,0.0028447307798631716
93.84,Glaucoma,0.002827897927726069
94.35,Glaucoma,0.0028108863490492915
94.86,Glaucoma,0.0027938649398553663
95.37,Glaucoma,0.0027770748893712403
95.88,Glaucoma,0.0027608159326812966
96.39,Glaucoma,0.0027454261133453874
96.9,Glaucoma,0.0027312567828107863
97.41,Glaucoma,0.0027186451576792126
97.92,Glaucoma,0.0027078870646476197
98.43,Glaucoma,0.002699212487427921
98.94,Glaucoma,0.0026927662001919343
99.45,Glaucoma,0.002688595176824856
99.96,Glaucoma,0.0026866436955914432
100.47,Glaucoma,0.0026867562204428014
100.98,Glaucoma,0.0026886873567349818
101.49,Glaucoma,0.0026921175479164617
102.0,Glaucoma,0.0026966727816452474
102.51,Glaucoma,0.002701946432019189
103.02,Glaucoma,0.0027075214653894
103.53,Glaucoma,0.0027129915155562462
104.04,Glaucoma,0.002717979705984753
104.55,Glaucoma,0.0027221544708270246
105.06,Glaucoma,0.0027252419361260215
105.57,Glaucoma,0.0027270346317063935
106.08,Glaucoma,0.0027273964260582546
106.59,Glaucoma,0.0027262636455987663
107.1,Glaucoma,0.002723642418855785
107.61,Glaucoma,0.002719602415088527
108.12,Glaucoma,0.0027142673517802814
108.63,Glaucoma,0.002707802904608561
109.14,Glaucoma,0.002700402919142275
109.65,Glaucoma,0.002692275025246231
110.16,Glaucoma,0.0026836268291828844
110.67,Glaucoma,0.0026746537683081943
111.18,Glaucoma,0.002665529458730654
111.69,Glaucoma,0.0026563990006206076
112.2,Glaucoma,0.002647375298388165
112.71,Glaucoma,0.0026385380985271003
113.22,Glaucoma,0.0026299352120582936
113.73,Glaucoma,0.0026215853083483578
114.24,Glaucoma,0.0026134817296877243
114.75,Glaucoma,0.0026055969324824237
115.26,Glaucoma,0.002597887332541799
115.77,Glaucoma,0.0025902984514545183
116.28,Glaucoma,0.0025827702764902203
116.79,Glaucoma,0.002575242655127612
117.3,Glaucoma,0.002567660383410873
117.81,Glaucoma,0.0025599774816027097
118.32,Glaucoma,0.0025521600627458896
118.83,Glaucoma,0.0025441872509617243
119.34,Glaucoma,0.002536049822013381
119.85,Glaucoma,0.002527746599198972
120.36,Glaucoma,0.002519279071540326
120.87,Glaucoma,0.002510645111052238
121.38,Glaucoma,0.002501832948892108
121.89,Glaucoma,0.0024928166428957303
122.4,Glaucoma,0.0024835540974821073
122.91,Glaucoma,0.002473988300651244
123.42,Glaucoma,0.002464051894603536
123.93,Glaucoma,0.00245367460669069
124.44,Glaucoma,0.0024427925519970722
124.95,Glaucoma,0.00243135807797402
125.46,Glaucoma,0.002419348713767708
125.97,Glaucoma,0.002406773917795325
126.48,Glaucoma,0.00239367864708618
126.99,Glaucoma,0.0023801432265918897
127.5,Glaucoma,0.0023662794880200443
128.01,Glaucoma,0.002352223598081473
128.52,Glaucoma,0.002338126344356766
129.03,Glaucoma,0.0023241418667290085
129.54,Glaucoma,0.0023104159034118372
130.05,Glaucoma,0.0022970745837302517
130.56,Glaucoma,0.0022842146665536436
131.07,Glaucoma,0.002271895928964894
131.58,Glaucoma,0.002260136184423457
132.09,Glaucoma,0.0022489091845554086
132.6,Glaucoma,0.0022381454563106216
133.11,Glaucoma,0.002227735960553536
133.62,Glaucoma,0.002217538331956891
134.13,Glaucoma,0.0022073853613110784
134.64,Glaucoma,0.002197095291236735
135.15,Glaucoma,0.0021864833957760633
135.66,Glaucoma,0.0021753741919645834
136.17,Glaucoma,0.0021636134970730234
136.68,Glaucoma,0.002151079427239145
137.19,Glaucoma,0.0021376913764239868
137.7,Glaucoma,0.00212341606708704
138.21,Glaucoma,0.0021082699566388656
138.72,Glaucoma,0.0020923176209174496
139.23,Glaucoma,0.0020756661839370916
139.74,Glaucoma,0.0020584563558540864
140.25,Glaucoma,0.0020408510937022107
140.76,Glaucoma,0.0020230232290221364
141.27,Glaucoma,0.002005143548425176
141.78,Glaucoma,0.001987370740601182
142.29,Glaucoma,0.0019698443467649216
142.8,Glaucoma,0.0019526814155215529
143.31,Glaucoma,0.0019359770386299482
143.82,Glaucoma,0.0019198084075025704
144.33,Glaucoma,0.0019042415577878264
144.84,Glaucoma,0.001889339622386034
145.35,Glaucoma,0.0018751712341860322
145.86,Glaucoma,0.0018618177304769775
146.37,Glaucoma,0.0018493780075804452
146.88,Glaucoma,0.0018379702308791096
147.39,Glaucoma,0.0018277300730739408
147.9,Glaucoma,0.0018188056653346044
148.41,Glaucoma,0.0018113499268058622
148.92,Glaucoma,0.0018055113134691797
149.43,Glaucoma,0.0018014242403586631
149.94,Glaucoma,0.0017992004515639368
150.45,Glaucoma,0.0017989224421842435
150.96,Glaucoma,0.0018006397124717313
151.47,Glaucoma,0.0018043682139887271
151.98,Glaucoma,0.0018100929020911716
152.49,Glaucoma,0.0018177729012814857
153.0,Glaucoma,0.0018273484732292465
153.51,Glaucoma,0.0018387487793564054
154.02,Glaucoma,0.0018518993647145961
154.53,Glaucoma,0.0018667283550100745
155.04,Glaucoma,0.0018831705428052079
155.55,Glaucoma,0.0019011688271390102
156.06,Glaucoma,0.0019206728394373582
156.57,Glaucoma,0.001941635003178269
157.08,Glaucoma,0.001964004691790399
157.59,Glaucoma,0.001987721506750092
158.1,Glaucoma,0.002012708935370448
158.61,Glaucoma,0.0020388697050034666
159.12,Glaucoma,0.0020660839930995113
159.63,Glaucoma,0.002094211276299678
160.14,Glaucoma,0.0021230960479250065
160.65,Glaucoma,0.0021525769813268234
161.16,Glaucoma,0.0021824984779989674
161.67,Glaucoma,0.002212723037566658
162.18,Glaucoma,0.0022431426288647754
162.69,Glaucoma,0.0022736872991471783
163.2,Glaucoma,0.002304329639419526
163.71,Glaucoma,0.0023350843697959854
164.22,Glaucoma,0.0023660030967344466
164.73,Glaucoma,0.0023971650603830555
165.24,Glaucoma,0.0024286652709471076
165.75,Glaucoma,0.002460601701509036
166.26,Glaucoma,0.0024930631097266074
166.77,Glaucoma,0.002526118648192103
167.28,Glaucoma,0.002559809819213028
167.79,Glaucoma,0.0025941447188503226
168.3,Glaucoma,0.002629094077522797
168.81,Glaucoma,0.002664588465358606
169.32,Glaucoma,0.002700516223267795
169.83,Glaucoma,0.0027367221261722623
170.34,Glaucoma,0.002773007319380531
170.85,Glaucoma,0.0028091314932408695
171.36,Glaucoma,0.0028448183962237034
171.87,Glaucoma,0.002879765535211473
172.38,Glaucoma,0.0029136582912621407
172.89,Glaucoma,0.0029461878117790427
173.4,Glaucoma,0.0029770711322533554
173.91,Glaucoma,0.003006071257539678
174.42,Glaucoma,0.0030330145824333135
174.93,Glaucoma,0.0030578031594583276
175.44,Glaucoma,0.0030804199208614535
175.95,Glaucoma,0.0031009259230800833
176.46,Glaucoma,0.0031194498274661167
176.97,Glaucoma,0.0031361709484022883
177.48,Glaucoma,0.003151298106820264
177.99,Glaucoma,0.0031650470897320437
178.5,Glaucoma,0.0031776196752370464
179.01,Glaucoma,0.003189186948634407
179.52,Glaucoma,0.00319987906572002
180.03,Glaucoma,0.0032097828106367257
180.54,Glaucoma,0.0032189473353906903
181.05,Glaucoma,0.003227397466344993
181.56,Glaucoma,0.0032351530036219284
182.07,Glaucoma,0.0032422516208483357
182.58,Glaucoma,0.003248772384869655
183.09,Glaucoma,0.0032548566408323524
183.6,Glaucoma,0.0032607231071265642
184.11,Glaucoma,0.003266674514478704
184.62,Glaucoma,0.0032730939704908304
185.13,Glaucoma,0.003280430341672971
185.64,Glaucoma,0.0032891731846525396
186.15,Glaucoma,0.0032998189754291276
186.66,Glaucoma,0.0033128314303800593
187.17,Glaucoma,0.003328599476463425
187.68,Glaucoma,0.0033473968381173016
188.19,Glaucoma,0.0033693472394767266
188.7,Glaucoma,0.0033943988805496318
189.21,Glaucoma,0.003422311161555893
189.72,Glaucoma,0.0034526556458170485
190.23,Glaucoma,0.003484832034336264
190.74,Glaucoma,0.003518098556781479
191.25,Glaucoma,0.0035516147914923498
191.76,Glaucoma,0.003584493659489131
192.27,Glaucoma,0.0036158583561478265
192.78,Glaucoma,0.0036448994407517134
193.29,Glaucoma,0.0036709272894189984
193.8,Glaucoma,0.003693415644201376
194.31,Glaucoma,0.003712032984513134
194.82,Glaucoma,0.003726659738215467
195.33,Glaucoma,0.0037373907384790355
195.84,Glaucoma,0.003744523604358442
196.35,Glaucoma,0.0037485347229833234
196.86,Glaucoma,0.0037500451562584467
197.37,Glaucoma,0.003749779100453697
197.88,Glaucoma,0.0037485175625403054
198.39,Glaucoma,0.0037470498158627893
198.9,Glaucoma,0.003746125055332461
199.41,Glaucoma,0.0037464065694125027
199.92,Glaucoma,0.003748430689470788
200.43,Glaucoma,0.003752572721150623
200.94,Glaucoma,0.0037590219307301644
201.45,Glaucoma,0.003767767368247107
201.96,Glaucoma,0.0037785958101972765
202.47,Glaucoma,0.003791102386283204
202.98,Glaucoma,0.0038047135788315117
203.49,Glaucoma,0.003818721328883394
204.0,Glaucoma,0.0038323260772714154
204.51,Glaucoma,0.0038446858106218223
205.02,Glaucoma,0.0038549676681182234
205.53,Glaucoma,0.0038623984381720975
206.04,Glaucoma,0.0038663103587569386
206.55,Glaucoma,0.00386617901130896
207.06,Glaucoma,0.0038616507395604753
207.57,Glaucoma,0.0038525578762541378
208.08,Glaucoma,0.0038389210720614756
208.59,Glaucoma,0.003820939103285085
209.1,Glaucoma,0.00379896760670009
209.61,Glaucoma,0.003773489124893152
210.12,Glaucoma,0.003745077537455522
210.63,Glaucoma,0.0037143602927418814
211.14,Glaucoma,0.0036819817840083742
211.65,Glaucoma,0.0036485707322688023
212.16,Glaucoma,0.0036147136219961697
212.67,Glaucoma,0.0035809352265068106
213.18,Glaucoma,0.003547686232273461
213.69,Glaucoma,0.003515337117420253
214.2,Glaucoma,0.0034841768834518653
214.71,Glaucoma,0.0034544150625408416
215.22,Glaucoma,0.003426185594071799
215.73,Glaucoma,0.003399551593079417
216.24,Glaucoma,0.0033745105696822227
216.75,Glaucoma,0.0033510001562147007
217.26,Glaucoma,0.003328904724287417
217.77,Glaucoma,0.003308063372126658
218.28,Glaucoma,0.003288279622404299
218.79,Glaucoma,0.003269332853528907
219.3,Glaucoma,0.0032509910826806782
219.81,Glaucoma,0.003233024323210843
220.32,Glaucoma,0.00321521744450099
220.83,Glaucoma,0.003197381327889023
221.34,Glaucoma,0.0031793611656579946
221.85,Glaucoma,0.003161040997310933
222.36,Glaucoma,0.0031423439859597233
222.87,Glaucoma,0.0031232284622541326
223.38,Glaucoma,0.003103680335077193
223.89,Glaucoma,0.0030837030012731428
224.4,Glaucoma,0.003063306292694414
224.91,Glaucoma,0.0030424961966453836
225.42,Glaucoma,0.003021267017876133
225.93,Glaucoma,0.00299959730843705
226.44,Glaucoma,0.002977450311340133
226.95,Glaucoma,0.0029547789358740357
227.46,Glaucoma,0.0029315345279662297
227.97,Glaucoma,0.002907678046174664
228.48,Glaucoma,0.0028831918150159512
228.99,Glaucoma,0.002858089872801265
229.5,Glaucoma,0.002832425080001482
230.01,Glaucoma,0.002806291577266919
230.52,Glaucoma,0.002779821809188105
231.03,Glaucoma,0.0027531780752969807
231.54,Glaucoma,0.002726539326371622
232.05,Glaucoma,0.0027000846088407623
232.56,Glaucoma,0.0026739750804270685
233.07,Glaucoma,0.002648336815520328
233.58,Glaucoma,0.0026232466385998914
234.09,Glaucoma,0.0025987229510150917
234.6,Glaucoma,0.0025747229629098276
235.11,Glaucoma,0.002551146960723955
235.62,Glaucoma,0.002527849326868289
236.13,Glaucoma,0.002504655103311846
236.64,Glaucoma,0.002481380099035413
237.15,Glaucoma,0.0024578520182908245
237.66,Glaucoma,0.0024339299375124687
238.17,Glaucoma,0.002409519740316565
238.68,Glaucoma,0.0023845838233463625
239.19,Glaucoma,0.0023591444337568704
239.7,Glaucoma,0.0023332812576389293
240.21,Glaucoma,0.002307125165156567
240.72,Glaucoma,0.0022808511275972084
241.23,Glaucoma,0.0022546740446412806
241.74,Glaucoma,0.0022288513623233627
242.25,Glaucoma,0.002203695767417387
242.76,Glaucoma,0.0021795998138545315
243.27,Glaucoma,0.0021570720575203066
243.78,Glaucoma,0.0021367812522435532
244.29,Glaucoma,0.0021196016493260504
244.8,Glaucoma,0.0021066488832748964
245.31,Glaucoma,0.0020992929537370655
245.82,Glaucoma,0.00209913322447065
246.33,Glaucoma,0.0021079210338226166
246.84,Glaucoma,0.0021274192462249195
247.35,Glaucoma,0.0021591953572317494
247.86,Glaucoma,0.0022043555114504053
248.37,Glaucoma,0.0022632400917923807
248.88,Glaucoma,0.0023351155342802143
249.39,Glaucoma,0.0024179089916805756
249.9,Glaucoma,0.0025080391908034543
250.41,Glaucoma,0.002600395245434985
250.92,Glaucoma,0.002688503255344681
251.43,Glaucoma,0.0027648980546051754
251.94,Glaucoma,0.002821686717828861
252.45,Glaucoma,0.002851256101004121
252.96,Glaucoma,0.0028470453145094396
253.47,Glaucoma,0.0028042826291096497
253.98,Glaucoma,0.002720580743197479
254.49,Glaucoma,0.0025962975763927794
